experiment_name,percentile,inference_interval_ticks,generation_length_ticks,generation_length_frames,constraint_status_code,constraint_status,rtt_percentile_ms,constraint1_satisfied,constraint2_satisfied,both_constraints_satisfied
local_gl_test,50.0,1,1,1,2,C2 Violated,54.621812501864,True,False,False
local_gl_test,50.0,1,2,3,0,Valid,88.40004699595735,True,True,True
local_gl_test,50.0,1,3,5,1,C1 Violated,132.88078699770267,False,True,False
local_gl_test,50.0,1,4,7,1,C1 Violated,180.06329150011874,False,True,False
local_gl_test,50.0,1,5,9,1,C1 Violated,226.86103500382154,False,True,False
local_gl_test,50.0,1,6,11,1,C1 Violated,273.34216400049627,False,True,False
local_gl_test,50.0,1,7,13,1,C1 Violated,319.9507120007183,False,True,False
local_gl_test,50.0,1,8,15,1,C1 Violated,365.9735129986075,False,True,False
local_gl_test,50.0,2,1,1,2,C2 Violated,54.621812501864,True,False,False
local_gl_test,50.0,2,2,3,2,C2 Violated,88.40004699595735,True,False,False
local_gl_test,50.0,2,3,5,2,C2 Violated,132.88078699770267,True,False,False
local_gl_test,50.0,2,4,7,0,Valid,180.06329150011874,True,True,True
local_gl_test,50.0,2,5,9,0,Valid,226.86103500382154,True,True,True
local_gl_test,50.0,2,6,11,1,C1 Violated,273.34216400049627,False,True,False
local_gl_test,50.0,2,7,13,1,C1 Violated,319.9507120007183,False,True,False
local_gl_test,50.0,2,8,15,1,C1 Violated,365.9735129986075,False,True,False
local_gl_test,50.0,3,1,1,2,C2 Violated,54.621812501864,True,False,False
local_gl_test,50.0,3,2,3,2,C2 Violated,88.40004699595735,True,False,False
local_gl_test,50.0,3,3,5,2,C2 Violated,132.88078699770267,True,False,False
local_gl_test,50.0,3,4,7,2,C2 Violated,180.06329150011874,True,False,False
local_gl_test,50.0,3,5,9,0,Valid,226.86103500382154,True,True,True
local_gl_test,50.0,3,6,11,0,Valid,273.34216400049627,True,True,True
local_gl_test,50.0,3,7,13,0,Valid,319.9507120007183,True,True,True
local_gl_test,50.0,3,8,15,0,Valid,365.9735129986075,True,True,True
local_gl_test,50.0,4,1,1,2,C2 Violated,54.621812501864,True,False,False
local_gl_test,50.0,4,2,3,2,C2 Violated,88.40004699595735,True,False,False
local_gl_test,50.0,4,3,5,2,C2 Violated,132.88078699770267,True,False,False
local_gl_test,50.0,4,4,7,2,C2 Violated,180.06329150011874,True,False,False
local_gl_test,50.0,4,5,9,2,C2 Violated,226.86103500382154,True,False,False
local_gl_test,50.0,4,6,11,2,C2 Violated,273.34216400049627,True,False,False
local_gl_test,50.0,4,7,13,0,Valid,319.9507120007183,True,True,True
local_gl_test,50.0,4,8,15,0,Valid,365.9735129986075,True,True,True
local_gl_test,50.0,5,1,1,2,C2 Violated,54.621812501864,True,False,False
local_gl_test,50.0,5,2,3,2,C2 Violated,88.40004699595735,True,False,False
local_gl_test,50.0,5,3,5,2,C2 Violated,132.88078699770267,True,False,False
local_gl_test,50.0,5,4,7,2,C2 Violated,180.06329150011874,True,False,False
local_gl_test,50.0,5,5,9,2,C2 Violated,226.86103500382154,True,False,False
local_gl_test,50.0,5,6,11,2,C2 Violated,273.34216400049627,True,False,False
local_gl_test,50.0,5,7,13,2,C2 Violated,319.9507120007183,True,False,False
local_gl_test,50.0,5,8,15,0,Valid,365.9735129986075,True,True,True
local_gl_test,50.0,6,1,1,2,C2 Violated,54.621812501864,True,False,False
local_gl_test,50.0,6,2,3,2,C2 Violated,88.40004699595735,True,False,False
local_gl_test,50.0,6,3,5,2,C2 Violated,132.88078699770267,True,False,False
local_gl_test,50.0,6,4,7,2,C2 Violated,180.06329150011874,True,False,False
local_gl_test,50.0,6,5,9,2,C2 Violated,226.86103500382154,True,False,False
local_gl_test,50.0,6,6,11,2,C2 Violated,273.34216400049627,True,False,False
local_gl_test,50.0,6,7,13,2,C2 Violated,319.9507120007183,True,False,False
local_gl_test,50.0,6,8,15,2,C2 Violated,365.9735129986075,True,False,False
local_gl_test,50.0,7,1,1,2,C2 Violated,54.621812501864,True,False,False
local_gl_test,50.0,7,2,3,2,C2 Violated,88.40004699595735,True,False,False
local_gl_test,50.0,7,3,5,2,C2 Violated,132.88078699770267,True,False,False
local_gl_test,50.0,7,4,7,2,C2 Violated,180.06329150011874,True,False,False
local_gl_test,50.0,7,5,9,2,C2 Violated,226.86103500382154,True,False,False
local_gl_test,50.0,7,6,11,2,C2 Violated,273.34216400049627,True,False,False
local_gl_test,50.0,7,7,13,2,C2 Violated,319.9507120007183,True,False,False
local_gl_test,50.0,7,8,15,2,C2 Violated,365.9735129986075,True,False,False
local_gl_test,60.0,1,1,1,2,C2 Violated,55.15782639995448,True,False,False
local_gl_test,60.0,1,2,3,0,Valid,88.86932619789141,True,True,True
local_gl_test,60.0,1,3,5,1,C1 Violated,133.28243559808462,False,True,False
local_gl_test,60.0,1,4,7,1,C1 Violated,180.39646320248718,False,True,False
local_gl_test,60.0,1,5,9,1,C1 Violated,227.2808868030551,False,True,False
local_gl_test,60.0,1,6,11,1,C1 Violated,273.9385853987187,False,True,False
local_gl_test,60.0,1,7,13,1,C1 Violated,320.7684749970212,False,True,False
local_gl_test,60.0,1,8,15,1,C1 Violated,367.01990580040723,False,True,False
local_gl_test,60.0,2,1,1,2,C2 Violated,55.15782639995448,True,False,False
local_gl_test,60.0,2,2,3,2,C2 Violated,88.86932619789141,True,False,False
local_gl_test,60.0,2,3,5,2,C2 Violated,133.28243559808462,True,False,False
local_gl_test,60.0,2,4,7,0,Valid,180.39646320248718,True,True,True
local_gl_test,60.0,2,5,9,0,Valid,227.2808868030551,True,True,True
local_gl_test,60.0,2,6,11,1,C1 Violated,273.9385853987187,False,True,False
local_gl_test,60.0,2,7,13,1,C1 Violated,320.7684749970212,False,True,False
local_gl_test,60.0,2,8,15,1,C1 Violated,367.01990580040723,False,True,False
local_gl_test,60.0,3,1,1,2,C2 Violated,55.15782639995448,True,False,False
local_gl_test,60.0,3,2,3,2,C2 Violated,88.86932619789141,True,False,False
local_gl_test,60.0,3,3,5,2,C2 Violated,133.28243559808462,True,False,False
local_gl_test,60.0,3,4,7,2,C2 Violated,180.39646320248718,True,False,False
local_gl_test,60.0,3,5,9,0,Valid,227.2808868030551,True,True,True
local_gl_test,60.0,3,6,11,0,Valid,273.9385853987187,True,True,True
local_gl_test,60.0,3,7,13,0,Valid,320.7684749970212,True,True,True
local_gl_test,60.0,3,8,15,0,Valid,367.01990580040723,True,True,True
local_gl_test,60.0,4,1,1,2,C2 Violated,55.15782639995448,True,False,False
local_gl_test,60.0,4,2,3,2,C2 Violated,88.86932619789141,True,False,False
local_gl_test,60.0,4,3,5,2,C2 Violated,133.28243559808462,True,False,False
local_gl_test,60.0,4,4,7,2,C2 Violated,180.39646320248718,True,False,False
local_gl_test,60.0,4,5,9,2,C2 Violated,227.2808868030551,True,False,False
local_gl_test,60.0,4,6,11,2,C2 Violated,273.9385853987187,True,False,False
local_gl_test,60.0,4,7,13,0,Valid,320.7684749970212,True,True,True
local_gl_test,60.0,4,8,15,0,Valid,367.01990580040723,True,True,True
local_gl_test,60.0,5,1,1,2,C2 Violated,55.15782639995448,True,False,False
local_gl_test,60.0,5,2,3,2,C2 Violated,88.86932619789141,True,False,False
local_gl_test,60.0,5,3,5,2,C2 Violated,133.28243559808462,True,False,False
local_gl_test,60.0,5,4,7,2,C2 Violated,180.39646320248718,True,False,False
local_gl_test,60.0,5,5,9,2,C2 Violated,227.2808868030551,True,False,False
local_gl_test,60.0,5,6,11,2,C2 Violated,273.9385853987187,True,False,False
local_gl_test,60.0,5,7,13,2,C2 Violated,320.7684749970212,True,False,False
local_gl_test,60.0,5,8,15,0,Valid,367.01990580040723,True,True,True
local_gl_test,60.0,6,1,1,2,C2 Violated,55.15782639995448,True,False,False
local_gl_test,60.0,6,2,3,2,C2 Violated,88.86932619789141,True,False,False
local_gl_test,60.0,6,3,5,2,C2 Violated,133.28243559808462,True,False,False
local_gl_test,60.0,6,4,7,2,C2 Violated,180.39646320248718,True,False,False
local_gl_test,60.0,6,5,9,2,C2 Violated,227.2808868030551,True,False,False
local_gl_test,60.0,6,6,11,2,C2 Violated,273.9385853987187,True,False,False
local_gl_test,60.0,6,7,13,2,C2 Violated,320.7684749970212,True,False,False
local_gl_test,60.0,6,8,15,2,C2 Violated,367.01990580040723,True,False,False
local_gl_test,60.0,7,1,1,2,C2 Violated,55.15782639995448,True,False,False
local_gl_test,60.0,7,2,3,2,C2 Violated,88.86932619789141,True,False,False
local_gl_test,60.0,7,3,5,2,C2 Violated,133.28243559808462,True,False,False
local_gl_test,60.0,7,4,7,2,C2 Violated,180.39646320248718,True,False,False
local_gl_test,60.0,7,5,9,2,C2 Violated,227.2808868030551,True,False,False
local_gl_test,60.0,7,6,11,2,C2 Violated,273.9385853987187,True,False,False
local_gl_test,60.0,7,7,13,2,C2 Violated,320.7684749970212,True,False,False
local_gl_test,60.0,7,8,15,2,C2 Violated,367.01990580040723,True,False,False
local_gl_test,70.0,1,1,1,2,C2 Violated,55.67096689919701,True,False,False
local_gl_test,70.0,1,2,3,0,Valid,89.3875862995628,True,True,True
local_gl_test,70.0,1,3,5,1,C1 Violated,133.5564300999976,False,True,False
local_gl_test,70.0,1,4,7,1,C1 Violated,180.84990709903647,False,True,False
local_gl_test,70.0,1,5,9,1,C1 Violated,227.86597739977876,False,True,False
local_gl_test,70.0,1,6,11,1,C1 Violated,275.11543030341267,False,True,False
local_gl_test,70.0,1,7,13,1,C1 Violated,322.5639912016049,False,True,False
local_gl_test,70.0,1,8,15,1,C1 Violated,368.63033999616164,False,True,False
local_gl_test,70.0,2,1,1,2,C2 Violated,55.67096689919701,True,False,False
local_gl_test,70.0,2,2,3,2,C2 Violated,89.3875862995628,True,False,False
local_gl_test,70.0,2,3,5,2,C2 Violated,133.5564300999976,True,False,False
local_gl_test,70.0,2,4,7,0,Valid,180.84990709903647,True,True,True
local_gl_test,70.0,2,5,9,0,Valid,227.86597739977876,True,True,True
local_gl_test,70.0,2,6,11,1,C1 Violated,275.11543030341267,False,True,False
local_gl_test,70.0,2,7,13,1,C1 Violated,322.5639912016049,False,True,False
local_gl_test,70.0,2,8,15,1,C1 Violated,368.63033999616164,False,True,False
local_gl_test,70.0,3,1,1,2,C2 Violated,55.67096689919701,True,False,False
local_gl_test,70.0,3,2,3,2,C2 Violated,89.3875862995628,True,False,False
local_gl_test,70.0,3,3,5,2,C2 Violated,133.5564300999976,True,False,False
local_gl_test,70.0,3,4,7,2,C2 Violated,180.84990709903647,True,False,False
local_gl_test,70.0,3,5,9,0,Valid,227.86597739977876,True,True,True
local_gl_test,70.0,3,6,11,0,Valid,275.11543030341267,True,True,True
local_gl_test,70.0,3,7,13,0,Valid,322.5639912016049,True,True,True
local_gl_test,70.0,3,8,15,0,Valid,368.63033999616164,True,True,True
local_gl_test,70.0,4,1,1,2,C2 Violated,55.67096689919701,True,False,False
local_gl_test,70.0,4,2,3,2,C2 Violated,89.3875862995628,True,False,False
local_gl_test,70.0,4,3,5,2,C2 Violated,133.5564300999976,True,False,False
local_gl_test,70.0,4,4,7,2,C2 Violated,180.84990709903647,True,False,False
local_gl_test,70.0,4,5,9,2,C2 Violated,227.86597739977876,True,False,False
local_gl_test,70.0,4,6,11,2,C2 Violated,275.11543030341267,True,False,False
local_gl_test,70.0,4,7,13,0,Valid,322.5639912016049,True,True,True
local_gl_test,70.0,4,8,15,0,Valid,368.63033999616164,True,True,True
local_gl_test,70.0,5,1,1,2,C2 Violated,55.67096689919701,True,False,False
local_gl_test,70.0,5,2,3,2,C2 Violated,89.3875862995628,True,False,False
local_gl_test,70.0,5,3,5,2,C2 Violated,133.5564300999976,True,False,False
local_gl_test,70.0,5,4,7,2,C2 Violated,180.84990709903647,True,False,False
local_gl_test,70.0,5,5,9,2,C2 Violated,227.86597739977876,True,False,False
local_gl_test,70.0,5,6,11,2,C2 Violated,275.11543030341267,True,False,False
local_gl_test,70.0,5,7,13,2,C2 Violated,322.5639912016049,True,False,False
local_gl_test,70.0,5,8,15,0,Valid,368.63033999616164,True,True,True
local_gl_test,70.0,6,1,1,2,C2 Violated,55.67096689919701,True,False,False
local_gl_test,70.0,6,2,3,2,C2 Violated,89.3875862995628,True,False,False
local_gl_test,70.0,6,3,5,2,C2 Violated,133.5564300999976,True,False,False
local_gl_test,70.0,6,4,7,2,C2 Violated,180.84990709903647,True,False,False
local_gl_test,70.0,6,5,9,2,C2 Violated,227.86597739977876,True,False,False
local_gl_test,70.0,6,6,11,2,C2 Violated,275.11543030341267,True,False,False
local_gl_test,70.0,6,7,13,2,C2 Violated,322.5639912016049,True,False,False
local_gl_test,70.0,6,8,15,2,C2 Violated,368.63033999616164,True,False,False
local_gl_test,70.0,7,1,1,2,C2 Violated,55.67096689919701,True,False,False
local_gl_test,70.0,7,2,3,2,C2 Violated,89.3875862995628,True,False,False
local_gl_test,70.0,7,3,5,2,C2 Violated,133.5564300999976,True,False,False
local_gl_test,70.0,7,4,7,2,C2 Violated,180.84990709903647,True,False,False
local_gl_test,70.0,7,5,9,2,C2 Violated,227.86597739977876,True,False,False
local_gl_test,70.0,7,6,11,2,C2 Violated,275.11543030341267,True,False,False
local_gl_test,70.0,7,7,13,2,C2 Violated,322.5639912016049,True,False,False
local_gl_test,70.0,7,8,15,2,C2 Violated,368.63033999616164,True,False,False
local_gl_test,80.0,1,1,1,2,C2 Violated,56.81999960215758,True,False,False
local_gl_test,80.0,1,2,3,0,Valid,89.92380080017024,True,True,True
local_gl_test,80.0,1,3,5,1,C1 Violated,133.9112105968524,False,True,False
local_gl_test,80.0,1,4,7,1,C1 Violated,181.87181820394466,False,True,False
local_gl_test,80.0,1,5,9,1,C1 Violated,232.35995760041988,False,True,False
local_gl_test,80.0,1,6,11,1,C1 Violated,282.1048820027499,False,True,False
local_gl_test,80.0,1,7,13,1,C1 Violated,329.5060076008667,False,True,False
local_gl_test,80.0,1,8,15,1,C1 Violated,376.2556351968669,False,True,False
local_gl_test,80.0,2,1,1,2,C2 Violated,56.81999960215758,True,False,False
local_gl_test,80.0,2,2,3,2,C2 Violated,89.92380080017024,True,False,False
local_gl_test,80.0,2,3,5,2,C2 Violated,133.9112105968524,True,False,False
local_gl_test,80.0,2,4,7,0,Valid,181.87181820394466,True,True,True
local_gl_test,80.0,2,5,9,0,Valid,232.35995760041988,True,True,True
local_gl_test,80.0,2,6,11,1,C1 Violated,282.1048820027499,False,True,False
local_gl_test,80.0,2,7,13,1,C1 Violated,329.5060076008667,False,True,False
local_gl_test,80.0,2,8,15,1,C1 Violated,376.2556351968669,False,True,False
local_gl_test,80.0,3,1,1,2,C2 Violated,56.81999960215758,True,False,False
local_gl_test,80.0,3,2,3,2,C2 Violated,89.92380080017024,True,False,False
local_gl_test,80.0,3,3,5,2,C2 Violated,133.9112105968524,True,False,False
local_gl_test,80.0,3,4,7,2,C2 Violated,181.87181820394466,True,False,False
local_gl_test,80.0,3,5,9,0,Valid,232.35995760041988,True,True,True
local_gl_test,80.0,3,6,11,0,Valid,282.1048820027499,True,True,True
local_gl_test,80.0,3,7,13,0,Valid,329.5060076008667,True,True,True
local_gl_test,80.0,3,8,15,1,C1 Violated,376.2556351968669,False,True,False
local_gl_test,80.0,4,1,1,2,C2 Violated,56.81999960215758,True,False,False
local_gl_test,80.0,4,2,3,2,C2 Violated,89.92380080017024,True,False,False
local_gl_test,80.0,4,3,5,2,C2 Violated,133.9112105968524,True,False,False
local_gl_test,80.0,4,4,7,2,C2 Violated,181.87181820394466,True,False,False
local_gl_test,80.0,4,5,9,2,C2 Violated,232.35995760041988,True,False,False
local_gl_test,80.0,4,6,11,2,C2 Violated,282.1048820027499,True,False,False
local_gl_test,80.0,4,7,13,0,Valid,329.5060076008667,True,True,True
local_gl_test,80.0,4,8,15,0,Valid,376.2556351968669,True,True,True
local_gl_test,80.0,5,1,1,2,C2 Violated,56.81999960215758,True,False,False
local_gl_test,80.0,5,2,3,2,C2 Violated,89.92380080017024,True,False,False
local_gl_test,80.0,5,3,5,2,C2 Violated,133.9112105968524,True,False,False
local_gl_test,80.0,5,4,7,2,C2 Violated,181.87181820394466,True,False,False
local_gl_test,80.0,5,5,9,2,C2 Violated,232.35995760041988,True,False,False
local_gl_test,80.0,5,6,11,2,C2 Violated,282.1048820027499,True,False,False
local_gl_test,80.0,5,7,13,2,C2 Violated,329.5060076008667,True,False,False
local_gl_test,80.0,5,8,15,2,C2 Violated,376.2556351968669,True,False,False
local_gl_test,80.0,6,1,1,2,C2 Violated,56.81999960215758,True,False,False
local_gl_test,80.0,6,2,3,2,C2 Violated,89.92380080017024,True,False,False
local_gl_test,80.0,6,3,5,2,C2 Violated,133.9112105968524,True,False,False
local_gl_test,80.0,6,4,7,2,C2 Violated,181.87181820394466,True,False,False
local_gl_test,80.0,6,5,9,2,C2 Violated,232.35995760041988,True,False,False
local_gl_test,80.0,6,6,11,2,C2 Violated,282.1048820027499,True,False,False
local_gl_test,80.0,6,7,13,2,C2 Violated,329.5060076008667,True,False,False
local_gl_test,80.0,6,8,15,2,C2 Violated,376.2556351968669,True,False,False
local_gl_test,80.0,7,1,1,2,C2 Violated,56.81999960215758,True,False,False
local_gl_test,80.0,7,2,3,2,C2 Violated,89.92380080017024,True,False,False
local_gl_test,80.0,7,3,5,2,C2 Violated,133.9112105968524,True,False,False
local_gl_test,80.0,7,4,7,2,C2 Violated,181.87181820394466,True,False,False
local_gl_test,80.0,7,5,9,2,C2 Violated,232.35995760041988,True,False,False
local_gl_test,80.0,7,6,11,2,C2 Violated,282.1048820027499,True,False,False
local_gl_test,80.0,7,7,13,2,C2 Violated,329.5060076008667,True,False,False
local_gl_test,80.0,7,8,15,2,C2 Violated,376.2556351968669,True,False,False
local_gl_test,90.0,1,1,1,2,C2 Violated,58.82932490349041,True,False,False
local_gl_test,90.0,1,2,3,0,Valid,98.00834439956809,True,True,True
local_gl_test,90.0,1,3,5,1,C1 Violated,140.2633795958536,False,True,False
local_gl_test,90.0,1,4,7,1,C1 Violated,190.33894559688633,False,True,False
local_gl_test,90.0,1,5,9,1,C1 Violated,244.86719350388734,False,True,False
local_gl_test,90.0,1,6,11,1,C1 Violated,298.7415468953258,False,True,False
local_gl_test,90.0,1,7,13,1,C1 Violated,346.1129672992683,False,True,False
local_gl_test,90.0,1,8,15,1,C1 Violated,391.2532769012614,False,True,False
local_gl_test,90.0,2,1,1,2,C2 Violated,58.82932490349041,True,False,False
local_gl_test,90.0,2,2,3,2,C2 Violated,98.00834439956809,True,False,False
local_gl_test,90.0,2,3,5,2,C2 Violated,140.2633795958536,True,False,False
local_gl_test,90.0,2,4,7,0,Valid,190.33894559688633,True,True,True
local_gl_test,90.0,2,5,9,0,Valid,244.86719350388734,True,True,True
local_gl_test,90.0,2,6,11,1,C1 Violated,298.7415468953258,False,True,False
local_gl_test,90.0,2,7,13,1,C1 Violated,346.1129672992683,False,True,False
local_gl_test,90.0,2,8,15,1,C1 Violated,391.2532769012614,False,True,False
local_gl_test,90.0,3,1,1,2,C2 Violated,58.82932490349041,True,False,False
local_gl_test,90.0,3,2,3,2,C2 Violated,98.00834439956809,True,False,False
local_gl_test,90.0,3,3,5,2,C2 Violated,140.2633795958536,True,False,False
local_gl_test,90.0,3,4,7,2,C2 Violated,190.33894559688633,True,False,False
local_gl_test,90.0,3,5,9,0,Valid,244.86719350388734,True,True,True
local_gl_test,90.0,3,6,11,0,Valid,298.7415468953258,True,True,True
local_gl_test,90.0,3,7,13,0,Valid,346.1129672992683,True,True,True
local_gl_test,90.0,3,8,15,1,C1 Violated,391.2532769012614,False,True,False
local_gl_test,90.0,4,1,1,2,C2 Violated,58.82932490349041,True,False,False
local_gl_test,90.0,4,2,3,2,C2 Violated,98.00834439956809,True,False,False
local_gl_test,90.0,4,3,5,2,C2 Violated,140.2633795958536,True,False,False
local_gl_test,90.0,4,4,7,2,C2 Violated,190.33894559688633,True,False,False
local_gl_test,90.0,4,5,9,2,C2 Violated,244.86719350388734,True,False,False
local_gl_test,90.0,4,6,11,2,C2 Violated,298.7415468953258,True,False,False
local_gl_test,90.0,4,7,13,0,Valid,346.1129672992683,True,True,True
local_gl_test,90.0,4,8,15,0,Valid,391.2532769012614,True,True,True
local_gl_test,90.0,5,1,1,2,C2 Violated,58.82932490349041,True,False,False
local_gl_test,90.0,5,2,3,2,C2 Violated,98.00834439956809,True,False,False
local_gl_test,90.0,5,3,5,2,C2 Violated,140.2633795958536,True,False,False
local_gl_test,90.0,5,4,7,2,C2 Violated,190.33894559688633,True,False,False
local_gl_test,90.0,5,5,9,2,C2 Violated,244.86719350388734,True,False,False
local_gl_test,90.0,5,6,11,2,C2 Violated,298.7415468953258,True,False,False
local_gl_test,90.0,5,7,13,2,C2 Violated,346.1129672992683,True,False,False
local_gl_test,90.0,5,8,15,2,C2 Violated,391.2532769012614,True,False,False
local_gl_test,90.0,6,1,1,2,C2 Violated,58.82932490349041,True,False,False
local_gl_test,90.0,6,2,3,2,C2 Violated,98.00834439956809,True,False,False
local_gl_test,90.0,6,3,5,2,C2 Violated,140.2633795958536,True,False,False
local_gl_test,90.0,6,4,7,2,C2 Violated,190.33894559688633,True,False,False
local_gl_test,90.0,6,5,9,2,C2 Violated,244.86719350388734,True,False,False
local_gl_test,90.0,6,6,11,2,C2 Violated,298.7415468953258,True,False,False
local_gl_test,90.0,6,7,13,2,C2 Violated,346.1129672992683,True,False,False
local_gl_test,90.0,6,8,15,2,C2 Violated,391.2532769012614,True,False,False
local_gl_test,90.0,7,1,1,2,C2 Violated,58.82932490349041,True,False,False
local_gl_test,90.0,7,2,3,2,C2 Violated,98.00834439956809,True,False,False
local_gl_test,90.0,7,3,5,2,C2 Violated,140.2633795958536,True,False,False
local_gl_test,90.0,7,4,7,2,C2 Violated,190.33894559688633,True,False,False
local_gl_test,90.0,7,5,9,2,C2 Violated,244.86719350388734,True,False,False
local_gl_test,90.0,7,6,11,2,C2 Violated,298.7415468953258,True,False,False
local_gl_test,90.0,7,7,13,2,C2 Violated,346.1129672992683,True,False,False
local_gl_test,90.0,7,8,15,2,C2 Violated,391.2532769012614,True,False,False
local_gl_test,99.5,1,1,1,2,C2 Violated,82.71338677375743,True,False,False
local_gl_test,99.5,1,2,3,0,Valid,121.05371441110029,True,True,True
local_gl_test,99.5,1,3,5,1,C1 Violated,166.55583162424588,False,True,False
local_gl_test,99.5,1,4,7,1,C1 Violated,233.96179874172955,False,True,False
local_gl_test,99.5,1,5,9,1,C1 Violated,274.06314749430743,False,True,False
local_gl_test,99.5,1,6,11,1,C1 Violated,335.66753727802273,False,True,False
local_gl_test,99.5,1,7,13,1,C1 Violated,396.2044221956966,False,True,False
local_gl_test,99.5,1,8,15,1,C1 Violated,435.276972799329,False,True,False
local_gl_test,99.5,2,1,1,2,C2 Violated,82.71338677375743,True,False,False
local_gl_test,99.5,2,2,3,2,C2 Violated,121.05371441110029,True,False,False
local_gl_test,99.5,2,3,5,2,C2 Violated,166.55583162424588,True,False,False
local_gl_test,99.5,2,4,7,0,Valid,233.96179874172955,True,True,True
local_gl_test,99.5,2,5,9,1,C1 Violated,274.06314749430743,False,True,False
local_gl_test,99.5,2,6,11,1,C1 Violated,335.66753727802273,False,True,False
local_gl_test,99.5,2,7,13,1,C1 Violated,396.2044221956966,False,True,False
local_gl_test,99.5,2,8,15,1,C1 Violated,435.276972799329,False,True,False
local_gl_test,99.5,3,1,1,2,C2 Violated,82.71338677375743,True,False,False
local_gl_test,99.5,3,2,3,2,C2 Violated,121.05371441110029,True,False,False
local_gl_test,99.5,3,3,5,2,C2 Violated,166.55583162424588,True,False,False
local_gl_test,99.5,3,4,7,2,C2 Violated,233.96179874172955,True,False,False
local_gl_test,99.5,3,5,9,2,C2 Violated,274.06314749430743,True,False,False
local_gl_test,99.5,3,6,11,0,Valid,335.66753727802273,True,True,True
local_gl_test,99.5,3,7,13,1,C1 Violated,396.2044221956966,False,True,False
local_gl_test,99.5,3,8,15,1,C1 Violated,435.276972799329,False,True,False
local_gl_test,99.5,4,1,1,2,C2 Violated,82.71338677375743,True,False,False
local_gl_test,99.5,4,2,3,2,C2 Violated,121.05371441110029,True,False,False
local_gl_test,99.5,4,3,5,2,C2 Violated,166.55583162424588,True,False,False
local_gl_test,99.5,4,4,7,2,C2 Violated,233.96179874172955,True,False,False
local_gl_test,99.5,4,5,9,2,C2 Violated,274.06314749430743,True,False,False
local_gl_test,99.5,4,6,11,2,C2 Violated,335.66753727802273,True,False,False
local_gl_test,99.5,4,7,13,2,C2 Violated,396.2044221956966,True,False,False
local_gl_test,99.5,4,8,15,0,Valid,435.276972799329,True,True,True
local_gl_test,99.5,5,1,1,2,C2 Violated,82.71338677375743,True,False,False
local_gl_test,99.5,5,2,3,2,C2 Violated,121.05371441110029,True,False,False
local_gl_test,99.5,5,3,5,2,C2 Violated,166.55583162424588,True,False,False
local_gl_test,99.5,5,4,7,2,C2 Violated,233.96179874172955,True,False,False
local_gl_test,99.5,5,5,9,2,C2 Violated,274.06314749430743,True,False,False
local_gl_test,99.5,5,6,11,2,C2 Violated,335.66753727802273,True,False,False
local_gl_test,99.5,5,7,13,2,C2 Violated,396.2044221956966,True,False,False
local_gl_test,99.5,5,8,15,2,C2 Violated,435.276972799329,True,False,False
local_gl_test,99.5,6,1,1,2,C2 Violated,82.71338677375743,True,False,False
local_gl_test,99.5,6,2,3,2,C2 Violated,121.05371441110029,True,False,False
local_gl_test,99.5,6,3,5,2,C2 Violated,166.55583162424588,True,False,False
local_gl_test,99.5,6,4,7,2,C2 Violated,233.96179874172955,True,False,False
local_gl_test,99.5,6,5,9,2,C2 Violated,274.06314749430743,True,False,False
local_gl_test,99.5,6,6,11,2,C2 Violated,335.66753727802273,True,False,False
local_gl_test,99.5,6,7,13,2,C2 Violated,396.2044221956966,True,False,False
local_gl_test,99.5,6,8,15,2,C2 Violated,435.276972799329,True,False,False
local_gl_test,99.5,7,1,1,2,C2 Violated,82.71338677375743,True,False,False
local_gl_test,99.5,7,2,3,2,C2 Violated,121.05371441110029,True,False,False
local_gl_test,99.5,7,3,5,2,C2 Violated,166.55583162424588,True,False,False
local_gl_test,99.5,7,4,7,2,C2 Violated,233.96179874172955,True,False,False
local_gl_test,99.5,7,5,9,2,C2 Violated,274.06314749430743,True,False,False
local_gl_test,99.5,7,6,11,2,C2 Violated,335.66753727802273,True,False,False
local_gl_test,99.5,7,7,13,2,C2 Violated,396.2044221956966,True,False,False
local_gl_test,99.5,7,8,15,2,C2 Violated,435.276972799329,True,False,False
local_server_gl_test,50.0,1,1,1,2,C2 Violated,106.1743329919409,True,False,False
local_server_gl_test,50.0,1,2,3,0,Valid,112.13647949625735,True,True,True
local_server_gl_test,50.0,1,3,5,1,C1 Violated,152.7311459940392,False,True,False
local_server_gl_test,50.0,1,4,7,1,C1 Violated,200.87875000899655,False,True,False
local_server_gl_test,50.0,1,5,9,1,C1 Violated,248.12629146617832,False,True,False
local_server_gl_test,50.0,1,6,11,1,C1 Violated,307.56685449159704,False,True,False
local_server_gl_test,50.0,1,7,13,1,C1 Violated,401.7069374967832,False,True,False
local_server_gl_test,50.0,1,8,15,1,C1 Violated,412.06654149573296,False,True,False
local_server_gl_test,50.0,2,1,1,2,C2 Violated,106.1743329919409,True,False,False
local_server_gl_test,50.0,2,2,3,2,C2 Violated,112.13647949625735,True,False,False
local_server_gl_test,50.0,2,3,5,2,C2 Violated,152.7311459940392,True,False,False
local_server_gl_test,50.0,2,4,7,0,Valid,200.87875000899655,True,True,True
local_server_gl_test,50.0,2,5,9,0,Valid,248.12629146617832,True,True,True
local_server_gl_test,50.0,2,6,11,1,C1 Violated,307.56685449159704,False,True,False
local_server_gl_test,50.0,2,7,13,1,C1 Violated,401.7069374967832,False,True,False
local_server_gl_test,50.0,2,8,15,1,C1 Violated,412.06654149573296,False,True,False
local_server_gl_test,50.0,3,1,1,2,C2 Violated,106.1743329919409,True,False,False
local_server_gl_test,50.0,3,2,3,2,C2 Violated,112.13647949625735,True,False,False
local_server_gl_test,50.0,3,3,5,2,C2 Violated,152.7311459940392,True,False,False
local_server_gl_test,50.0,3,4,7,2,C2 Violated,200.87875000899655,True,False,False
local_server_gl_test,50.0,3,5,9,0,Valid,248.12629146617832,True,True,True
local_server_gl_test,50.0,3,6,11,0,Valid,307.56685449159704,True,True,True
local_server_gl_test,50.0,3,7,13,1,C1 Violated,401.7069374967832,False,True,False
local_server_gl_test,50.0,3,8,15,1,C1 Violated,412.06654149573296,False,True,False
local_server_gl_test,50.0,4,1,1,2,C2 Violated,106.1743329919409,True,False,False
local_server_gl_test,50.0,4,2,3,2,C2 Violated,112.13647949625735,True,False,False
local_server_gl_test,50.0,4,3,5,2,C2 Violated,152.7311459940392,True,False,False
local_server_gl_test,50.0,4,4,7,2,C2 Violated,200.87875000899655,True,False,False
local_server_gl_test,50.0,4,5,9,2,C2 Violated,248.12629146617832,True,False,False
local_server_gl_test,50.0,4,6,11,2,C2 Violated,307.56685449159704,True,False,False
local_server_gl_test,50.0,4,7,13,2,C2 Violated,401.7069374967832,True,False,False
local_server_gl_test,50.0,4,8,15,0,Valid,412.06654149573296,True,True,True
local_server_gl_test,50.0,5,1,1,2,C2 Violated,106.1743329919409,True,False,False
local_server_gl_test,50.0,5,2,3,2,C2 Violated,112.13647949625735,True,False,False
local_server_gl_test,50.0,5,3,5,2,C2 Violated,152.7311459940392,True,False,False
local_server_gl_test,50.0,5,4,7,2,C2 Violated,200.87875000899655,True,False,False
local_server_gl_test,50.0,5,5,9,2,C2 Violated,248.12629146617832,True,False,False
local_server_gl_test,50.0,5,6,11,2,C2 Violated,307.56685449159704,True,False,False
local_server_gl_test,50.0,5,7,13,2,C2 Violated,401.7069374967832,True,False,False
local_server_gl_test,50.0,5,8,15,2,C2 Violated,412.06654149573296,True,False,False
local_server_gl_test,50.0,6,1,1,2,C2 Violated,106.1743329919409,True,False,False
local_server_gl_test,50.0,6,2,3,2,C2 Violated,112.13647949625735,True,False,False
local_server_gl_test,50.0,6,3,5,2,C2 Violated,152.7311459940392,True,False,False
local_server_gl_test,50.0,6,4,7,2,C2 Violated,200.87875000899655,True,False,False
local_server_gl_test,50.0,6,5,9,2,C2 Violated,248.12629146617832,True,False,False
local_server_gl_test,50.0,6,6,11,2,C2 Violated,307.56685449159704,True,False,False
local_server_gl_test,50.0,6,7,13,2,C2 Violated,401.7069374967832,True,False,False
local_server_gl_test,50.0,6,8,15,2,C2 Violated,412.06654149573296,True,False,False
local_server_gl_test,50.0,7,1,1,2,C2 Violated,106.1743329919409,True,False,False
local_server_gl_test,50.0,7,2,3,2,C2 Violated,112.13647949625735,True,False,False
local_server_gl_test,50.0,7,3,5,2,C2 Violated,152.7311459940392,True,False,False
local_server_gl_test,50.0,7,4,7,2,C2 Violated,200.87875000899655,True,False,False
local_server_gl_test,50.0,7,5,9,2,C2 Violated,248.12629146617832,True,False,False
local_server_gl_test,50.0,7,6,11,2,C2 Violated,307.56685449159704,True,False,False
local_server_gl_test,50.0,7,7,13,2,C2 Violated,401.7069374967832,True,False,False
local_server_gl_test,50.0,7,8,15,2,C2 Violated,412.06654149573296,True,False,False
local_server_gl_test,60.0,1,1,1,2,C2 Violated,107.26077463477847,True,False,False
local_server_gl_test,60.0,1,2,3,0,Valid,117.36443340778344,True,True,True
local_server_gl_test,60.0,1,3,5,1,C1 Violated,153.92790816258633,False,True,False
local_server_gl_test,60.0,1,4,7,1,C1 Violated,202.46019981568676,False,True,False
local_server_gl_test,60.0,1,5,9,1,C1 Violated,250.09482499444852,False,True,False
local_server_gl_test,60.0,1,6,11,1,C1 Violated,316.21363321319217,False,True,False
local_server_gl_test,60.0,1,7,13,1,C1 Violated,403.7077166023664,False,True,False
local_server_gl_test,60.0,1,8,15,1,C1 Violated,439.4861917709931,False,True,False
local_server_gl_test,60.0,2,1,1,2,C2 Violated,107.26077463477847,True,False,False
local_server_gl_test,60.0,2,2,3,2,C2 Violated,117.36443340778344,True,False,False
local_server_gl_test,60.0,2,3,5,2,C2 Violated,153.92790816258633,True,False,False
local_server_gl_test,60.0,2,4,7,0,Valid,202.46019981568676,True,True,True
local_server_gl_test,60.0,2,5,9,1,C1 Violated,250.09482499444852,False,True,False
local_server_gl_test,60.0,2,6,11,1,C1 Violated,316.21363321319217,False,True,False
local_server_gl_test,60.0,2,7,13,1,C1 Violated,403.7077166023664,False,True,False
local_server_gl_test,60.0,2,8,15,1,C1 Violated,439.4861917709931,False,True,False
local_server_gl_test,60.0,3,1,1,2,C2 Violated,107.26077463477847,True,False,False
local_server_gl_test,60.0,3,2,3,2,C2 Violated,117.36443340778344,True,False,False
local_server_gl_test,60.0,3,3,5,2,C2 Violated,153.92790816258633,True,False,False
local_server_gl_test,60.0,3,4,7,2,C2 Violated,202.46019981568676,True,False,False
local_server_gl_test,60.0,3,5,9,2,C2 Violated,250.09482499444852,True,False,False
local_server_gl_test,60.0,3,6,11,0,Valid,316.21363321319217,True,True,True
local_server_gl_test,60.0,3,7,13,1,C1 Violated,403.7077166023664,False,True,False
local_server_gl_test,60.0,3,8,15,1,C1 Violated,439.4861917709931,False,True,False
local_server_gl_test,60.0,4,1,1,2,C2 Violated,107.26077463477847,True,False,False
local_server_gl_test,60.0,4,2,3,2,C2 Violated,117.36443340778344,True,False,False
local_server_gl_test,60.0,4,3,5,2,C2 Violated,153.92790816258633,True,False,False
local_server_gl_test,60.0,4,4,7,2,C2 Violated,202.46019981568676,True,False,False
local_server_gl_test,60.0,4,5,9,2,C2 Violated,250.09482499444852,True,False,False
local_server_gl_test,60.0,4,6,11,2,C2 Violated,316.21363321319217,True,False,False
local_server_gl_test,60.0,4,7,13,2,C2 Violated,403.7077166023664,True,False,False
local_server_gl_test,60.0,4,8,15,0,Valid,439.4861917709931,True,True,True
local_server_gl_test,60.0,5,1,1,2,C2 Violated,107.26077463477847,True,False,False
local_server_gl_test,60.0,5,2,3,2,C2 Violated,117.36443340778344,True,False,False
local_server_gl_test,60.0,5,3,5,2,C2 Violated,153.92790816258633,True,False,False
local_server_gl_test,60.0,5,4,7,2,C2 Violated,202.46019981568676,True,False,False
local_server_gl_test,60.0,5,5,9,2,C2 Violated,250.09482499444852,True,False,False
local_server_gl_test,60.0,5,6,11,2,C2 Violated,316.21363321319217,True,False,False
local_server_gl_test,60.0,5,7,13,2,C2 Violated,403.7077166023664,True,False,False
local_server_gl_test,60.0,5,8,15,2,C2 Violated,439.4861917709931,True,False,False
local_server_gl_test,60.0,6,1,1,2,C2 Violated,107.26077463477847,True,False,False
local_server_gl_test,60.0,6,2,3,2,C2 Violated,117.36443340778344,True,False,False
local_server_gl_test,60.0,6,3,5,2,C2 Violated,153.92790816258633,True,False,False
local_server_gl_test,60.0,6,4,7,2,C2 Violated,202.46019981568676,True,False,False
local_server_gl_test,60.0,6,5,9,2,C2 Violated,250.09482499444852,True,False,False
local_server_gl_test,60.0,6,6,11,2,C2 Violated,316.21363321319217,True,False,False
local_server_gl_test,60.0,6,7,13,2,C2 Violated,403.7077166023664,True,False,False
local_server_gl_test,60.0,6,8,15,2,C2 Violated,439.4861917709931,True,False,False
local_server_gl_test,60.0,7,1,1,2,C2 Violated,107.26077463477847,True,False,False
local_server_gl_test,60.0,7,2,3,2,C2 Violated,117.36443340778344,True,False,False
local_server_gl_test,60.0,7,3,5,2,C2 Violated,153.92790816258633,True,False,False
local_server_gl_test,60.0,7,4,7,2,C2 Violated,202.46019981568676,True,False,False
local_server_gl_test,60.0,7,5,9,2,C2 Violated,250.09482499444852,True,False,False
local_server_gl_test,60.0,7,6,11,2,C2 Violated,316.21363321319217,True,False,False
local_server_gl_test,60.0,7,7,13,2,C2 Violated,403.7077166023664,True,False,False
local_server_gl_test,60.0,7,8,15,2,C2 Violated,439.4861917709931,True,False,False
local_server_gl_test,70.0,1,1,1,2,C2 Violated,108.53047491400497,True,False,False
local_server_gl_test,70.0,1,2,3,3,Both Violated,126.78756696986962,False,False,False
local_server_gl_test,70.0,1,3,5,1,C1 Violated,155.824470706284,False,True,False
local_server_gl_test,70.0,1,4,7,1,C1 Violated,204.74751269211987,False,True,False
local_server_gl_test,70.0,1,5,9,1,C1 Violated,254.06769554247143,False,True,False
local_server_gl_test,70.0,1,6,11,1,C1 Violated,376.93669169093477,False,True,False
local_server_gl_test,70.0,1,7,13,1,C1 Violated,406.8706250051036,False,True,False
local_server_gl_test,70.0,1,8,15,1,C1 Violated,504.0050206822343,False,True,False
local_server_gl_test,70.0,2,1,1,2,C2 Violated,108.53047491400497,True,False,False
local_server_gl_test,70.0,2,2,3,2,C2 Violated,126.78756696986962,True,False,False
local_server_gl_test,70.0,2,3,5,2,C2 Violated,155.824470706284,True,False,False
local_server_gl_test,70.0,2,4,7,0,Valid,204.74751269211987,True,True,True
local_server_gl_test,70.0,2,5,9,1,C1 Violated,254.06769554247143,False,True,False
local_server_gl_test,70.0,2,6,11,1,C1 Violated,376.93669169093477,False,True,False
local_server_gl_test,70.0,2,7,13,1,C1 Violated,406.8706250051036,False,True,False
local_server_gl_test,70.0,2,8,15,1,C1 Violated,504.0050206822343,False,True,False
local_server_gl_test,70.0,3,1,1,2,C2 Violated,108.53047491400497,True,False,False
local_server_gl_test,70.0,3,2,3,2,C2 Violated,126.78756696986962,True,False,False
local_server_gl_test,70.0,3,3,5,2,C2 Violated,155.824470706284,True,False,False
local_server_gl_test,70.0,3,4,7,2,C2 Violated,204.74751269211987,True,False,False
local_server_gl_test,70.0,3,5,9,2,C2 Violated,254.06769554247143,True,False,False
local_server_gl_test,70.0,3,6,11,3,Both Violated,376.93669169093477,False,False,False
local_server_gl_test,70.0,3,7,13,1,C1 Violated,406.8706250051036,False,True,False
local_server_gl_test,70.0,3,8,15,1,C1 Violated,504.0050206822343,False,True,False
local_server_gl_test,70.0,4,1,1,2,C2 Violated,108.53047491400497,True,False,False
local_server_gl_test,70.0,4,2,3,2,C2 Violated,126.78756696986962,True,False,False
local_server_gl_test,70.0,4,3,5,2,C2 Violated,155.824470706284,True,False,False
local_server_gl_test,70.0,4,4,7,2,C2 Violated,204.74751269211987,True,False,False
local_server_gl_test,70.0,4,5,9,2,C2 Violated,254.06769554247143,True,False,False
local_server_gl_test,70.0,4,6,11,2,C2 Violated,376.93669169093477,True,False,False
local_server_gl_test,70.0,4,7,13,2,C2 Violated,406.8706250051036,True,False,False
local_server_gl_test,70.0,4,8,15,3,Both Violated,504.0050206822343,False,False,False
local_server_gl_test,70.0,5,1,1,2,C2 Violated,108.53047491400497,True,False,False
local_server_gl_test,70.0,5,2,3,2,C2 Violated,126.78756696986962,True,False,False
local_server_gl_test,70.0,5,3,5,2,C2 Violated,155.824470706284,True,False,False
local_server_gl_test,70.0,5,4,7,2,C2 Violated,204.74751269211987,True,False,False
local_server_gl_test,70.0,5,5,9,2,C2 Violated,254.06769554247143,True,False,False
local_server_gl_test,70.0,5,6,11,2,C2 Violated,376.93669169093477,True,False,False
local_server_gl_test,70.0,5,7,13,2,C2 Violated,406.8706250051036,True,False,False
local_server_gl_test,70.0,5,8,15,2,C2 Violated,504.0050206822343,True,False,False
local_server_gl_test,70.0,6,1,1,2,C2 Violated,108.53047491400497,True,False,False
local_server_gl_test,70.0,6,2,3,2,C2 Violated,126.78756696986962,True,False,False
local_server_gl_test,70.0,6,3,5,2,C2 Violated,155.824470706284,True,False,False
local_server_gl_test,70.0,6,4,7,2,C2 Violated,204.74751269211987,True,False,False
local_server_gl_test,70.0,6,5,9,2,C2 Violated,254.06769554247143,True,False,False
local_server_gl_test,70.0,6,6,11,2,C2 Violated,376.93669169093477,True,False,False
local_server_gl_test,70.0,6,7,13,2,C2 Violated,406.8706250051036,True,False,False
local_server_gl_test,70.0,6,8,15,2,C2 Violated,504.0050206822343,True,False,False
local_server_gl_test,70.0,7,1,1,2,C2 Violated,108.53047491400497,True,False,False
local_server_gl_test,70.0,7,2,3,2,C2 Violated,126.78756696986962,True,False,False
local_server_gl_test,70.0,7,3,5,2,C2 Violated,155.824470706284,True,False,False
local_server_gl_test,70.0,7,4,7,2,C2 Violated,204.74751269211987,True,False,False
local_server_gl_test,70.0,7,5,9,2,C2 Violated,254.06769554247143,True,False,False
local_server_gl_test,70.0,7,6,11,2,C2 Violated,376.93669169093477,True,False,False
local_server_gl_test,70.0,7,7,13,2,C2 Violated,406.8706250051036,True,False,False
local_server_gl_test,70.0,7,8,15,2,C2 Violated,504.0050206822343,True,False,False
local_server_gl_test,80.0,1,1,1,2,C2 Violated,110.41895800735796,True,False,False
local_server_gl_test,80.0,1,2,3,3,Both Violated,133.12086641089985,False,False,False
local_server_gl_test,80.0,1,3,5,1,C1 Violated,158.89469158137214,False,True,False
local_server_gl_test,80.0,1,4,7,1,C1 Violated,209.12783377571031,False,True,False
local_server_gl_test,80.0,1,5,9,1,C1 Violated,262.0823582052253,False,True,False
local_server_gl_test,80.0,1,6,11,1,C1 Violated,401.5158583992161,False,True,False
local_server_gl_test,80.0,1,7,13,1,C1 Violated,410.75534182600677,False,True,False
local_server_gl_test,80.0,1,8,15,1,C1 Violated,511.57096662791446,False,True,False
local_server_gl_test,80.0,2,1,1,2,C2 Violated,110.41895800735796,True,False,False
local_server_gl_test,80.0,2,2,3,2,C2 Violated,133.12086641089985,True,False,False
local_server_gl_test,80.0,2,3,5,2,C2 Violated,158.89469158137214,True,False,False
local_server_gl_test,80.0,2,4,7,0,Valid,209.12783377571031,True,True,True
local_server_gl_test,80.0,2,5,9,1,C1 Violated,262.0823582052253,False,True,False
local_server_gl_test,80.0,2,6,11,1,C1 Violated,401.5158583992161,False,True,False
local_server_gl_test,80.0,2,7,13,1,C1 Violated,410.75534182600677,False,True,False
local_server_gl_test,80.0,2,8,15,1,C1 Violated,511.57096662791446,False,True,False
local_server_gl_test,80.0,3,1,1,2,C2 Violated,110.41895800735796,True,False,False
local_server_gl_test,80.0,3,2,3,2,C2 Violated,133.12086641089985,True,False,False
local_server_gl_test,80.0,3,3,5,2,C2 Violated,158.89469158137214,True,False,False
local_server_gl_test,80.0,3,4,7,2,C2 Violated,209.12783377571031,True,False,False
local_server_gl_test,80.0,3,5,9,2,C2 Violated,262.0823582052253,True,False,False
local_server_gl_test,80.0,3,6,11,3,Both Violated,401.5158583992161,False,False,False
local_server_gl_test,80.0,3,7,13,1,C1 Violated,410.75534182600677,False,True,False
local_server_gl_test,80.0,3,8,15,1,C1 Violated,511.57096662791446,False,True,False
local_server_gl_test,80.0,4,1,1,2,C2 Violated,110.41895800735796,True,False,False
local_server_gl_test,80.0,4,2,3,2,C2 Violated,133.12086641089985,True,False,False
local_server_gl_test,80.0,4,3,5,2,C2 Violated,158.89469158137214,True,False,False
local_server_gl_test,80.0,4,4,7,2,C2 Violated,209.12783377571031,True,False,False
local_server_gl_test,80.0,4,5,9,2,C2 Violated,262.0823582052253,True,False,False
local_server_gl_test,80.0,4,6,11,2,C2 Violated,401.5158583992161,True,False,False
local_server_gl_test,80.0,4,7,13,2,C2 Violated,410.75534182600677,True,False,False
local_server_gl_test,80.0,4,8,15,3,Both Violated,511.57096662791446,False,False,False
local_server_gl_test,80.0,5,1,1,2,C2 Violated,110.41895800735796,True,False,False
local_server_gl_test,80.0,5,2,3,2,C2 Violated,133.12086641089985,True,False,False
local_server_gl_test,80.0,5,3,5,2,C2 Violated,158.89469158137214,True,False,False
local_server_gl_test,80.0,5,4,7,2,C2 Violated,209.12783377571031,True,False,False
local_server_gl_test,80.0,5,5,9,2,C2 Violated,262.0823582052253,True,False,False
local_server_gl_test,80.0,5,6,11,2,C2 Violated,401.5158583992161,True,False,False
local_server_gl_test,80.0,5,7,13,2,C2 Violated,410.75534182600677,True,False,False
local_server_gl_test,80.0,5,8,15,2,C2 Violated,511.57096662791446,True,False,False
local_server_gl_test,80.0,6,1,1,2,C2 Violated,110.41895800735796,True,False,False
local_server_gl_test,80.0,6,2,3,2,C2 Violated,133.12086641089985,True,False,False
local_server_gl_test,80.0,6,3,5,2,C2 Violated,158.89469158137214,True,False,False
local_server_gl_test,80.0,6,4,7,2,C2 Violated,209.12783377571031,True,False,False
local_server_gl_test,80.0,6,5,9,2,C2 Violated,262.0823582052253,True,False,False
local_server_gl_test,80.0,6,6,11,2,C2 Violated,401.5158583992161,True,False,False
local_server_gl_test,80.0,6,7,13,2,C2 Violated,410.75534182600677,True,False,False
local_server_gl_test,80.0,6,8,15,2,C2 Violated,511.57096662791446,True,False,False
local_server_gl_test,80.0,7,1,1,2,C2 Violated,110.41895800735796,True,False,False
local_server_gl_test,80.0,7,2,3,2,C2 Violated,133.12086641089985,True,False,False
local_server_gl_test,80.0,7,3,5,2,C2 Violated,158.89469158137214,True,False,False
local_server_gl_test,80.0,7,4,7,2,C2 Violated,209.12783377571031,True,False,False
local_server_gl_test,80.0,7,5,9,2,C2 Violated,262.0823582052253,True,False,False
local_server_gl_test,80.0,7,6,11,2,C2 Violated,401.5158583992161,True,False,False
local_server_gl_test,80.0,7,7,13,2,C2 Violated,410.75534182600677,True,False,False
local_server_gl_test,80.0,7,8,15,2,C2 Violated,511.57096662791446,True,False,False
local_server_gl_test,90.0,1,1,1,2,C2 Violated,115.2781372016761,True,False,False
local_server_gl_test,90.0,1,2,3,3,Both Violated,174.00315382401456,False,False,False
local_server_gl_test,90.0,1,3,5,1,C1 Violated,168.17880861344747,False,True,False
local_server_gl_test,90.0,1,4,7,1,C1 Violated,223.14420032780615,False,True,False
local_server_gl_test,90.0,1,5,9,1,C1 Violated,277.10947893210687,False,True,False
local_server_gl_test,90.0,1,6,11,1,C1 Violated,407.806350296596,False,True,False
local_server_gl_test,90.0,1,7,13,1,C1 Violated,438.0347377911676,False,True,False
local_server_gl_test,90.0,1,8,15,1,C1 Violated,694.6529338660187,False,True,False
local_server_gl_test,90.0,2,1,1,2,C2 Violated,115.2781372016761,True,False,False
local_server_gl_test,90.0,2,2,3,2,C2 Violated,174.00315382401456,True,False,False
local_server_gl_test,90.0,2,3,5,2,C2 Violated,168.17880861344747,True,False,False
local_server_gl_test,90.0,2,4,7,0,Valid,223.14420032780615,True,True,True
local_server_gl_test,90.0,2,5,9,1,C1 Violated,277.10947893210687,False,True,False
local_server_gl_test,90.0,2,6,11,1,C1 Violated,407.806350296596,False,True,False
local_server_gl_test,90.0,2,7,13,1,C1 Violated,438.0347377911676,False,True,False
local_server_gl_test,90.0,2,8,15,1,C1 Violated,694.6529338660187,False,True,False
local_server_gl_test,90.0,3,1,1,2,C2 Violated,115.2781372016761,True,False,False
local_server_gl_test,90.0,3,2,3,2,C2 Violated,174.00315382401456,True,False,False
local_server_gl_test,90.0,3,3,5,2,C2 Violated,168.17880861344747,True,False,False
local_server_gl_test,90.0,3,4,7,2,C2 Violated,223.14420032780615,True,False,False
local_server_gl_test,90.0,3,5,9,2,C2 Violated,277.10947893210687,True,False,False
local_server_gl_test,90.0,3,6,11,3,Both Violated,407.806350296596,False,False,False
local_server_gl_test,90.0,3,7,13,1,C1 Violated,438.0347377911676,False,True,False
local_server_gl_test,90.0,3,8,15,3,Both Violated,694.6529338660187,False,False,False
local_server_gl_test,90.0,4,1,1,2,C2 Violated,115.2781372016761,True,False,False
local_server_gl_test,90.0,4,2,3,2,C2 Violated,174.00315382401456,True,False,False
local_server_gl_test,90.0,4,3,5,2,C2 Violated,168.17880861344747,True,False,False
local_server_gl_test,90.0,4,4,7,2,C2 Violated,223.14420032780615,True,False,False
local_server_gl_test,90.0,4,5,9,2,C2 Violated,277.10947893210687,True,False,False
local_server_gl_test,90.0,4,6,11,2,C2 Violated,407.806350296596,True,False,False
local_server_gl_test,90.0,4,7,13,2,C2 Violated,438.0347377911676,True,False,False
local_server_gl_test,90.0,4,8,15,3,Both Violated,694.6529338660187,False,False,False
local_server_gl_test,90.0,5,1,1,2,C2 Violated,115.2781372016761,True,False,False
local_server_gl_test,90.0,5,2,3,2,C2 Violated,174.00315382401456,True,False,False
local_server_gl_test,90.0,5,3,5,2,C2 Violated,168.17880861344747,True,False,False
local_server_gl_test,90.0,5,4,7,2,C2 Violated,223.14420032780615,True,False,False
local_server_gl_test,90.0,5,5,9,2,C2 Violated,277.10947893210687,True,False,False
local_server_gl_test,90.0,5,6,11,2,C2 Violated,407.806350296596,True,False,False
local_server_gl_test,90.0,5,7,13,2,C2 Violated,438.0347377911676,True,False,False
local_server_gl_test,90.0,5,8,15,3,Both Violated,694.6529338660187,False,False,False
local_server_gl_test,90.0,6,1,1,2,C2 Violated,115.2781372016761,True,False,False
local_server_gl_test,90.0,6,2,3,2,C2 Violated,174.00315382401456,True,False,False
local_server_gl_test,90.0,6,3,5,2,C2 Violated,168.17880861344747,True,False,False
local_server_gl_test,90.0,6,4,7,2,C2 Violated,223.14420032780615,True,False,False
local_server_gl_test,90.0,6,5,9,2,C2 Violated,277.10947893210687,True,False,False
local_server_gl_test,90.0,6,6,11,2,C2 Violated,407.806350296596,True,False,False
local_server_gl_test,90.0,6,7,13,2,C2 Violated,438.0347377911676,True,False,False
local_server_gl_test,90.0,6,8,15,2,C2 Violated,694.6529338660187,True,False,False
local_server_gl_test,90.0,7,1,1,2,C2 Violated,115.2781372016761,True,False,False
local_server_gl_test,90.0,7,2,3,2,C2 Violated,174.00315382401456,True,False,False
local_server_gl_test,90.0,7,3,5,2,C2 Violated,168.17880861344747,True,False,False
local_server_gl_test,90.0,7,4,7,2,C2 Violated,223.14420032780615,True,False,False
local_server_gl_test,90.0,7,5,9,2,C2 Violated,277.10947893210687,True,False,False
local_server_gl_test,90.0,7,6,11,2,C2 Violated,407.806350296596,True,False,False
local_server_gl_test,90.0,7,7,13,2,C2 Violated,438.0347377911676,True,False,False
local_server_gl_test,90.0,7,8,15,2,C2 Violated,694.6529338660187,True,False,False
local_server_gl_test,99.5,1,1,1,3,Both Violated,168.48894214141177,False,False,False
local_server_gl_test,99.5,1,2,3,3,Both Violated,324.7763661458156,False,False,False
local_server_gl_test,99.5,1,3,5,1,C1 Violated,198.5457108815898,False,True,False
local_server_gl_test,99.5,1,4,7,1,C1 Violated,258.33131059596775,False,True,False
local_server_gl_test,99.5,1,5,9,1,C1 Violated,384.6407703016302,False,True,False
local_server_gl_test,99.5,1,6,11,1,C1 Violated,510.85749906662386,False,True,False
local_server_gl_test,99.5,1,7,13,1,C1 Violated,614.09025975503,False,True,False
local_server_gl_test,99.5,1,8,15,3,Both Violated,1655.1044441526751,False,False,False
local_server_gl_test,99.5,2,1,1,2,C2 Violated,168.48894214141177,True,False,False
local_server_gl_test,99.5,2,2,3,3,Both Violated,324.7763661458156,False,False,False
local_server_gl_test,99.5,2,3,5,2,C2 Violated,198.5457108815898,True,False,False
local_server_gl_test,99.5,2,4,7,3,Both Violated,258.33131059596775,False,False,False
local_server_gl_test,99.5,2,5,9,3,Both Violated,384.6407703016302,False,False,False
local_server_gl_test,99.5,2,6,11,3,Both Violated,510.85749906662386,False,False,False
local_server_gl_test,99.5,2,7,13,1,C1 Violated,614.09025975503,False,True,False
local_server_gl_test,99.5,2,8,15,3,Both Violated,1655.1044441526751,False,False,False
local_server_gl_test,99.5,3,1,1,2,C2 Violated,168.48894214141177,True,False,False
local_server_gl_test,99.5,3,2,3,2,C2 Violated,324.7763661458156,True,False,False
local_server_gl_test,99.5,3,3,5,2,C2 Violated,198.5457108815898,True,False,False
local_server_gl_test,99.5,3,4,7,2,C2 Violated,258.33131059596775,True,False,False
local_server_gl_test,99.5,3,5,9,3,Both Violated,384.6407703016302,False,False,False
local_server_gl_test,99.5,3,6,11,3,Both Violated,510.85749906662386,False,False,False
local_server_gl_test,99.5,3,7,13,3,Both Violated,614.09025975503,False,False,False
local_server_gl_test,99.5,3,8,15,3,Both Violated,1655.1044441526751,False,False,False
local_server_gl_test,99.5,4,1,1,2,C2 Violated,168.48894214141177,True,False,False
local_server_gl_test,99.5,4,2,3,2,C2 Violated,324.7763661458156,True,False,False
local_server_gl_test,99.5,4,3,5,2,C2 Violated,198.5457108815898,True,False,False
local_server_gl_test,99.5,4,4,7,2,C2 Violated,258.33131059596775,True,False,False
local_server_gl_test,99.5,4,5,9,2,C2 Violated,384.6407703016302,True,False,False
local_server_gl_test,99.5,4,6,11,3,Both Violated,510.85749906662386,False,False,False
local_server_gl_test,99.5,4,7,13,3,Both Violated,614.09025975503,False,False,False
local_server_gl_test,99.5,4,8,15,3,Both Violated,1655.1044441526751,False,False,False
local_server_gl_test,99.5,5,1,1,2,C2 Violated,168.48894214141177,True,False,False
local_server_gl_test,99.5,5,2,3,2,C2 Violated,324.7763661458156,True,False,False
local_server_gl_test,99.5,5,3,5,2,C2 Violated,198.5457108815898,True,False,False
local_server_gl_test,99.5,5,4,7,2,C2 Violated,258.33131059596775,True,False,False
local_server_gl_test,99.5,5,5,9,2,C2 Violated,384.6407703016302,True,False,False
local_server_gl_test,99.5,5,6,11,2,C2 Violated,510.85749906662386,True,False,False
local_server_gl_test,99.5,5,7,13,2,C2 Violated,614.09025975503,True,False,False
local_server_gl_test,99.5,5,8,15,3,Both Violated,1655.1044441526751,False,False,False
local_server_gl_test,99.5,6,1,1,2,C2 Violated,168.48894214141177,True,False,False
local_server_gl_test,99.5,6,2,3,2,C2 Violated,324.7763661458156,True,False,False
local_server_gl_test,99.5,6,3,5,2,C2 Violated,198.5457108815898,True,False,False
local_server_gl_test,99.5,6,4,7,2,C2 Violated,258.33131059596775,True,False,False
local_server_gl_test,99.5,6,5,9,2,C2 Violated,384.6407703016302,True,False,False
local_server_gl_test,99.5,6,6,11,2,C2 Violated,510.85749906662386,True,False,False
local_server_gl_test,99.5,6,7,13,2,C2 Violated,614.09025975503,True,False,False
local_server_gl_test,99.5,6,8,15,3,Both Violated,1655.1044441526751,False,False,False
local_server_gl_test,99.5,7,1,1,2,C2 Violated,168.48894214141177,True,False,False
local_server_gl_test,99.5,7,2,3,2,C2 Violated,324.7763661458156,True,False,False
local_server_gl_test,99.5,7,3,5,2,C2 Violated,198.5457108815898,True,False,False
local_server_gl_test,99.5,7,4,7,2,C2 Violated,258.33131059596775,True,False,False
local_server_gl_test,99.5,7,5,9,2,C2 Violated,384.6407703016302,True,False,False
local_server_gl_test,99.5,7,6,11,2,C2 Violated,510.85749906662386,True,False,False
local_server_gl_test,99.5,7,7,13,2,C2 Violated,614.09025975503,True,False,False
local_server_gl_test,99.5,7,8,15,3,Both Violated,1655.1044441526751,False,False,False
remote_gl_test_new,50.0,1,1,1,3,Both Violated,181.74360050761607,False,False,False
remote_gl_test_new,50.0,1,2,3,3,Both Violated,217.9452170094009,False,False,False
remote_gl_test_new,50.0,1,3,5,3,Both Violated,255.92066698300187,False,False,False
remote_gl_test_new,50.0,1,4,7,1,C1 Violated,292.57806949317455,False,True,False
remote_gl_test_new,50.0,1,5,9,1,C1 Violated,330.01977049570996,False,True,False
remote_gl_test_new,50.0,1,6,11,1,C1 Violated,366.04698101291433,False,True,False
remote_gl_test_new,50.0,1,7,13,1,C1 Violated,403.5425634938292,False,True,False
remote_gl_test_new,50.0,1,8,15,1,C1 Violated,441.670186992269,False,True,False
remote_gl_test_new,50.0,2,1,1,2,C2 Violated,181.74360050761607,True,False,False
remote_gl_test_new,50.0,2,2,3,2,C2 Violated,217.9452170094009,True,False,False
remote_gl_test_new,50.0,2,3,5,3,Both Violated,255.92066698300187,False,False,False
remote_gl_test_new,50.0,2,4,7,3,Both Violated,292.57806949317455,False,False,False
remote_gl_test_new,50.0,2,5,9,1,C1 Violated,330.01977049570996,False,True,False
remote_gl_test_new,50.0,2,6,11,1,C1 Violated,366.04698101291433,False,True,False
remote_gl_test_new,50.0,2,7,13,1,C1 Violated,403.5425634938292,False,True,False
remote_gl_test_new,50.0,2,8,15,1,C1 Violated,441.670186992269,False,True,False
remote_gl_test_new,50.0,3,1,1,2,C2 Violated,181.74360050761607,True,False,False
remote_gl_test_new,50.0,3,2,3,2,C2 Violated,217.9452170094009,True,False,False
remote_gl_test_new,50.0,3,3,5,2,C2 Violated,255.92066698300187,True,False,False
remote_gl_test_new,50.0,3,4,7,2,C2 Violated,292.57806949317455,True,False,False
remote_gl_test_new,50.0,3,5,9,2,C2 Violated,330.01977049570996,True,False,False
remote_gl_test_new,50.0,3,6,11,0,Valid,366.04698101291433,True,True,True
remote_gl_test_new,50.0,3,7,13,1,C1 Violated,403.5425634938292,False,True,False
remote_gl_test_new,50.0,3,8,15,1,C1 Violated,441.670186992269,False,True,False
remote_gl_test_new,50.0,4,1,1,2,C2 Violated,181.74360050761607,True,False,False
remote_gl_test_new,50.0,4,2,3,2,C2 Violated,217.9452170094009,True,False,False
remote_gl_test_new,50.0,4,3,5,2,C2 Violated,255.92066698300187,True,False,False
remote_gl_test_new,50.0,4,4,7,2,C2 Violated,292.57806949317455,True,False,False
remote_gl_test_new,50.0,4,5,9,2,C2 Violated,330.01977049570996,True,False,False
remote_gl_test_new,50.0,4,6,11,2,C2 Violated,366.04698101291433,True,False,False
remote_gl_test_new,50.0,4,7,13,2,C2 Violated,403.5425634938292,True,False,False
remote_gl_test_new,50.0,4,8,15,0,Valid,441.670186992269,True,True,True
remote_gl_test_new,50.0,5,1,1,2,C2 Violated,181.74360050761607,True,False,False
remote_gl_test_new,50.0,5,2,3,2,C2 Violated,217.9452170094009,True,False,False
remote_gl_test_new,50.0,5,3,5,2,C2 Violated,255.92066698300187,True,False,False
remote_gl_test_new,50.0,5,4,7,2,C2 Violated,292.57806949317455,True,False,False
remote_gl_test_new,50.0,5,5,9,2,C2 Violated,330.01977049570996,True,False,False
remote_gl_test_new,50.0,5,6,11,2,C2 Violated,366.04698101291433,True,False,False
remote_gl_test_new,50.0,5,7,13,2,C2 Violated,403.5425634938292,True,False,False
remote_gl_test_new,50.0,5,8,15,2,C2 Violated,441.670186992269,True,False,False
remote_gl_test_new,50.0,6,1,1,2,C2 Violated,181.74360050761607,True,False,False
remote_gl_test_new,50.0,6,2,3,2,C2 Violated,217.9452170094009,True,False,False
remote_gl_test_new,50.0,6,3,5,2,C2 Violated,255.92066698300187,True,False,False
remote_gl_test_new,50.0,6,4,7,2,C2 Violated,292.57806949317455,True,False,False
remote_gl_test_new,50.0,6,5,9,2,C2 Violated,330.01977049570996,True,False,False
remote_gl_test_new,50.0,6,6,11,2,C2 Violated,366.04698101291433,True,False,False
remote_gl_test_new,50.0,6,7,13,2,C2 Violated,403.5425634938292,True,False,False
remote_gl_test_new,50.0,6,8,15,2,C2 Violated,441.670186992269,True,False,False
remote_gl_test_new,50.0,7,1,1,2,C2 Violated,181.74360050761607,True,False,False
remote_gl_test_new,50.0,7,2,3,2,C2 Violated,217.9452170094009,True,False,False
remote_gl_test_new,50.0,7,3,5,2,C2 Violated,255.92066698300187,True,False,False
remote_gl_test_new,50.0,7,4,7,2,C2 Violated,292.57806949317455,True,False,False
remote_gl_test_new,50.0,7,5,9,2,C2 Violated,330.01977049570996,True,False,False
remote_gl_test_new,50.0,7,6,11,2,C2 Violated,366.04698101291433,True,False,False
remote_gl_test_new,50.0,7,7,13,2,C2 Violated,403.5425634938292,True,False,False
remote_gl_test_new,50.0,7,8,15,2,C2 Violated,441.670186992269,True,False,False
remote_gl_test_new,60.0,1,1,1,3,Both Violated,182.05634080804882,False,False,False
remote_gl_test_new,60.0,1,2,3,3,Both Violated,218.74727859394622,False,False,False
remote_gl_test_new,60.0,1,3,5,3,Both Violated,256.9161855906713,False,False,False
remote_gl_test_new,60.0,1,4,7,1,C1 Violated,293.8508984108921,False,True,False
remote_gl_test_new,60.0,1,5,9,1,C1 Violated,330.7586490001995,False,True,False
remote_gl_test_new,60.0,1,6,11,1,C1 Violated,367.35433540306985,False,True,False
remote_gl_test_new,60.0,1,7,13,1,C1 Violated,404.68594740959816,False,True,False
remote_gl_test_new,60.0,1,8,15,1,C1 Violated,442.7449377835728,False,True,False
remote_gl_test_new,60.0,2,1,1,2,C2 Violated,182.05634080804882,True,False,False
remote_gl_test_new,60.0,2,2,3,2,C2 Violated,218.74727859394622,True,False,False
remote_gl_test_new,60.0,2,3,5,3,Both Violated,256.9161855906713,False,False,False
remote_gl_test_new,60.0,2,4,7,3,Both Violated,293.8508984108921,False,False,False
remote_gl_test_new,60.0,2,5,9,1,C1 Violated,330.7586490001995,False,True,False
remote_gl_test_new,60.0,2,6,11,1,C1 Violated,367.35433540306985,False,True,False
remote_gl_test_new,60.0,2,7,13,1,C1 Violated,404.68594740959816,False,True,False
remote_gl_test_new,60.0,2,8,15,1,C1 Violated,442.7449377835728,False,True,False
remote_gl_test_new,60.0,3,1,1,2,C2 Violated,182.05634080804882,True,False,False
remote_gl_test_new,60.0,3,2,3,2,C2 Violated,218.74727859394622,True,False,False
remote_gl_test_new,60.0,3,3,5,2,C2 Violated,256.9161855906713,True,False,False
remote_gl_test_new,60.0,3,4,7,2,C2 Violated,293.8508984108921,True,False,False
remote_gl_test_new,60.0,3,5,9,2,C2 Violated,330.7586490001995,True,False,False
remote_gl_test_new,60.0,3,6,11,0,Valid,367.35433540306985,True,True,True
remote_gl_test_new,60.0,3,7,13,1,C1 Violated,404.68594740959816,False,True,False
remote_gl_test_new,60.0,3,8,15,1,C1 Violated,442.7449377835728,False,True,False
remote_gl_test_new,60.0,4,1,1,2,C2 Violated,182.05634080804882,True,False,False
remote_gl_test_new,60.0,4,2,3,2,C2 Violated,218.74727859394622,True,False,False
remote_gl_test_new,60.0,4,3,5,2,C2 Violated,256.9161855906713,True,False,False
remote_gl_test_new,60.0,4,4,7,2,C2 Violated,293.8508984108921,True,False,False
remote_gl_test_new,60.0,4,5,9,2,C2 Violated,330.7586490001995,True,False,False
remote_gl_test_new,60.0,4,6,11,2,C2 Violated,367.35433540306985,True,False,False
remote_gl_test_new,60.0,4,7,13,2,C2 Violated,404.68594740959816,True,False,False
remote_gl_test_new,60.0,4,8,15,0,Valid,442.7449377835728,True,True,True
remote_gl_test_new,60.0,5,1,1,2,C2 Violated,182.05634080804882,True,False,False
remote_gl_test_new,60.0,5,2,3,2,C2 Violated,218.74727859394622,True,False,False
remote_gl_test_new,60.0,5,3,5,2,C2 Violated,256.9161855906713,True,False,False
remote_gl_test_new,60.0,5,4,7,2,C2 Violated,293.8508984108921,True,False,False
remote_gl_test_new,60.0,5,5,9,2,C2 Violated,330.7586490001995,True,False,False
remote_gl_test_new,60.0,5,6,11,2,C2 Violated,367.35433540306985,True,False,False
remote_gl_test_new,60.0,5,7,13,2,C2 Violated,404.68594740959816,True,False,False
remote_gl_test_new,60.0,5,8,15,2,C2 Violated,442.7449377835728,True,False,False
remote_gl_test_new,60.0,6,1,1,2,C2 Violated,182.05634080804882,True,False,False
remote_gl_test_new,60.0,6,2,3,2,C2 Violated,218.74727859394622,True,False,False
remote_gl_test_new,60.0,6,3,5,2,C2 Violated,256.9161855906713,True,False,False
remote_gl_test_new,60.0,6,4,7,2,C2 Violated,293.8508984108921,True,False,False
remote_gl_test_new,60.0,6,5,9,2,C2 Violated,330.7586490001995,True,False,False
remote_gl_test_new,60.0,6,6,11,2,C2 Violated,367.35433540306985,True,False,False
remote_gl_test_new,60.0,6,7,13,2,C2 Violated,404.68594740959816,True,False,False
remote_gl_test_new,60.0,6,8,15,2,C2 Violated,442.7449377835728,True,False,False
remote_gl_test_new,60.0,7,1,1,2,C2 Violated,182.05634080804882,True,False,False
remote_gl_test_new,60.0,7,2,3,2,C2 Violated,218.74727859394622,True,False,False
remote_gl_test_new,60.0,7,3,5,2,C2 Violated,256.9161855906713,True,False,False
remote_gl_test_new,60.0,7,4,7,2,C2 Violated,293.8508984108921,True,False,False
remote_gl_test_new,60.0,7,5,9,2,C2 Violated,330.7586490001995,True,False,False
remote_gl_test_new,60.0,7,6,11,2,C2 Violated,367.35433540306985,True,False,False
remote_gl_test_new,60.0,7,7,13,2,C2 Violated,404.68594740959816,True,False,False
remote_gl_test_new,60.0,7,8,15,2,C2 Violated,442.7449377835728,True,False,False
remote_gl_test_new,70.0,1,1,1,3,Both Violated,182.87397431849968,False,False,False
remote_gl_test_new,70.0,1,2,3,3,Both Violated,219.7163339063991,False,False,False
remote_gl_test_new,70.0,1,3,5,3,Both Violated,257.98388329276344,False,False,False
remote_gl_test_new,70.0,1,4,7,1,C1 Violated,294.8541556834243,False,True,False
remote_gl_test_new,70.0,1,5,9,1,C1 Violated,332.2149573883507,False,True,False
remote_gl_test_new,70.0,1,6,11,1,C1 Violated,368.58833010774106,False,True,False
remote_gl_test_new,70.0,1,7,13,1,C1 Violated,406.45825330284424,False,True,False
remote_gl_test_new,70.0,1,8,15,1,C1 Violated,445.7176813128171,False,True,False
remote_gl_test_new,70.0,2,1,1,2,C2 Violated,182.87397431849968,True,False,False
remote_gl_test_new,70.0,2,2,3,2,C2 Violated,219.7163339063991,True,False,False
remote_gl_test_new,70.0,2,3,5,3,Both Violated,257.98388329276344,False,False,False
remote_gl_test_new,70.0,2,4,7,3,Both Violated,294.8541556834243,False,False,False
remote_gl_test_new,70.0,2,5,9,1,C1 Violated,332.2149573883507,False,True,False
remote_gl_test_new,70.0,2,6,11,1,C1 Violated,368.58833010774106,False,True,False
remote_gl_test_new,70.0,2,7,13,1,C1 Violated,406.45825330284424,False,True,False
remote_gl_test_new,70.0,2,8,15,1,C1 Violated,445.7176813128171,False,True,False
remote_gl_test_new,70.0,3,1,1,2,C2 Violated,182.87397431849968,True,False,False
remote_gl_test_new,70.0,3,2,3,2,C2 Violated,219.7163339063991,True,False,False
remote_gl_test_new,70.0,3,3,5,2,C2 Violated,257.98388329276344,True,False,False
remote_gl_test_new,70.0,3,4,7,2,C2 Violated,294.8541556834243,True,False,False
remote_gl_test_new,70.0,3,5,9,2,C2 Violated,332.2149573883507,True,False,False
remote_gl_test_new,70.0,3,6,11,0,Valid,368.58833010774106,True,True,True
remote_gl_test_new,70.0,3,7,13,1,C1 Violated,406.45825330284424,False,True,False
remote_gl_test_new,70.0,3,8,15,1,C1 Violated,445.7176813128171,False,True,False
remote_gl_test_new,70.0,4,1,1,2,C2 Violated,182.87397431849968,True,False,False
remote_gl_test_new,70.0,4,2,3,2,C2 Violated,219.7163339063991,True,False,False
remote_gl_test_new,70.0,4,3,5,2,C2 Violated,257.98388329276344,True,False,False
remote_gl_test_new,70.0,4,4,7,2,C2 Violated,294.8541556834243,True,False,False
remote_gl_test_new,70.0,4,5,9,2,C2 Violated,332.2149573883507,True,False,False
remote_gl_test_new,70.0,4,6,11,2,C2 Violated,368.58833010774106,True,False,False
remote_gl_test_new,70.0,4,7,13,2,C2 Violated,406.45825330284424,True,False,False
remote_gl_test_new,70.0,4,8,15,0,Valid,445.7176813128171,True,True,True
remote_gl_test_new,70.0,5,1,1,2,C2 Violated,182.87397431849968,True,False,False
remote_gl_test_new,70.0,5,2,3,2,C2 Violated,219.7163339063991,True,False,False
remote_gl_test_new,70.0,5,3,5,2,C2 Violated,257.98388329276344,True,False,False
remote_gl_test_new,70.0,5,4,7,2,C2 Violated,294.8541556834243,True,False,False
remote_gl_test_new,70.0,5,5,9,2,C2 Violated,332.2149573883507,True,False,False
remote_gl_test_new,70.0,5,6,11,2,C2 Violated,368.58833010774106,True,False,False
remote_gl_test_new,70.0,5,7,13,2,C2 Violated,406.45825330284424,True,False,False
remote_gl_test_new,70.0,5,8,15,2,C2 Violated,445.7176813128171,True,False,False
remote_gl_test_new,70.0,6,1,1,2,C2 Violated,182.87397431849968,True,False,False
remote_gl_test_new,70.0,6,2,3,2,C2 Violated,219.7163339063991,True,False,False
remote_gl_test_new,70.0,6,3,5,2,C2 Violated,257.98388329276344,True,False,False
remote_gl_test_new,70.0,6,4,7,2,C2 Violated,294.8541556834243,True,False,False
remote_gl_test_new,70.0,6,5,9,2,C2 Violated,332.2149573883507,True,False,False
remote_gl_test_new,70.0,6,6,11,2,C2 Violated,368.58833010774106,True,False,False
remote_gl_test_new,70.0,6,7,13,2,C2 Violated,406.45825330284424,True,False,False
remote_gl_test_new,70.0,6,8,15,2,C2 Violated,445.7176813128171,True,False,False
remote_gl_test_new,70.0,7,1,1,2,C2 Violated,182.87397431849968,True,False,False
remote_gl_test_new,70.0,7,2,3,2,C2 Violated,219.7163339063991,True,False,False
remote_gl_test_new,70.0,7,3,5,2,C2 Violated,257.98388329276344,True,False,False
remote_gl_test_new,70.0,7,4,7,2,C2 Violated,294.8541556834243,True,False,False
remote_gl_test_new,70.0,7,5,9,2,C2 Violated,332.2149573883507,True,False,False
remote_gl_test_new,70.0,7,6,11,2,C2 Violated,368.58833010774106,True,False,False
remote_gl_test_new,70.0,7,7,13,2,C2 Violated,406.45825330284424,True,False,False
remote_gl_test_new,70.0,7,8,15,2,C2 Violated,445.7176813128171,True,False,False
remote_gl_test_new,80.0,1,1,1,3,Both Violated,183.89795739785762,False,False,False
remote_gl_test_new,80.0,1,2,3,3,Both Violated,220.31521240714937,False,False,False
remote_gl_test_new,80.0,1,3,5,3,Both Violated,259.91926137940027,False,False,False
remote_gl_test_new,80.0,1,4,7,1,C1 Violated,297.6640147855505,False,True,False
remote_gl_test_new,80.0,1,5,9,1,C1 Violated,334.43220980698237,False,True,False
remote_gl_test_new,80.0,1,6,11,1,C1 Violated,371.7477552068885,False,True,False
remote_gl_test_new,80.0,1,7,13,1,C1 Violated,410.75546519132325,False,True,False
remote_gl_test_new,80.0,1,8,15,1,C1 Violated,449.7867478057742,False,True,False
remote_gl_test_new,80.0,2,1,1,2,C2 Violated,183.89795739785762,True,False,False
remote_gl_test_new,80.0,2,2,3,2,C2 Violated,220.31521240714937,True,False,False
remote_gl_test_new,80.0,2,3,5,3,Both Violated,259.91926137940027,False,False,False
remote_gl_test_new,80.0,2,4,7,3,Both Violated,297.6640147855505,False,False,False
remote_gl_test_new,80.0,2,5,9,1,C1 Violated,334.43220980698237,False,True,False
remote_gl_test_new,80.0,2,6,11,1,C1 Violated,371.7477552068885,False,True,False
remote_gl_test_new,80.0,2,7,13,1,C1 Violated,410.75546519132325,False,True,False
remote_gl_test_new,80.0,2,8,15,1,C1 Violated,449.7867478057742,False,True,False
remote_gl_test_new,80.0,3,1,1,2,C2 Violated,183.89795739785762,True,False,False
remote_gl_test_new,80.0,3,2,3,2,C2 Violated,220.31521240714937,True,False,False
remote_gl_test_new,80.0,3,3,5,2,C2 Violated,259.91926137940027,True,False,False
remote_gl_test_new,80.0,3,4,7,2,C2 Violated,297.6640147855505,True,False,False
remote_gl_test_new,80.0,3,5,9,2,C2 Violated,334.43220980698237,True,False,False
remote_gl_test_new,80.0,3,6,11,0,Valid,371.7477552068885,True,True,True
remote_gl_test_new,80.0,3,7,13,1,C1 Violated,410.75546519132325,False,True,False
remote_gl_test_new,80.0,3,8,15,1,C1 Violated,449.7867478057742,False,True,False
remote_gl_test_new,80.0,4,1,1,2,C2 Violated,183.89795739785762,True,False,False
remote_gl_test_new,80.0,4,2,3,2,C2 Violated,220.31521240714937,True,False,False
remote_gl_test_new,80.0,4,3,5,2,C2 Violated,259.91926137940027,True,False,False
remote_gl_test_new,80.0,4,4,7,2,C2 Violated,297.6640147855505,True,False,False
remote_gl_test_new,80.0,4,5,9,2,C2 Violated,334.43220980698237,True,False,False
remote_gl_test_new,80.0,4,6,11,2,C2 Violated,371.7477552068885,True,False,False
remote_gl_test_new,80.0,4,7,13,2,C2 Violated,410.75546519132325,True,False,False
remote_gl_test_new,80.0,4,8,15,0,Valid,449.7867478057742,True,True,True
remote_gl_test_new,80.0,5,1,1,2,C2 Violated,183.89795739785762,True,False,False
remote_gl_test_new,80.0,5,2,3,2,C2 Violated,220.31521240714937,True,False,False
remote_gl_test_new,80.0,5,3,5,2,C2 Violated,259.91926137940027,True,False,False
remote_gl_test_new,80.0,5,4,7,2,C2 Violated,297.6640147855505,True,False,False
remote_gl_test_new,80.0,5,5,9,2,C2 Violated,334.43220980698237,True,False,False
remote_gl_test_new,80.0,5,6,11,2,C2 Violated,371.7477552068885,True,False,False
remote_gl_test_new,80.0,5,7,13,2,C2 Violated,410.75546519132325,True,False,False
remote_gl_test_new,80.0,5,8,15,2,C2 Violated,449.7867478057742,True,False,False
remote_gl_test_new,80.0,6,1,1,2,C2 Violated,183.89795739785762,True,False,False
remote_gl_test_new,80.0,6,2,3,2,C2 Violated,220.31521240714937,True,False,False
remote_gl_test_new,80.0,6,3,5,2,C2 Violated,259.91926137940027,True,False,False
remote_gl_test_new,80.0,6,4,7,2,C2 Violated,297.6640147855505,True,False,False
remote_gl_test_new,80.0,6,5,9,2,C2 Violated,334.43220980698237,True,False,False
remote_gl_test_new,80.0,6,6,11,2,C2 Violated,371.7477552068885,True,False,False
remote_gl_test_new,80.0,6,7,13,2,C2 Violated,410.75546519132325,True,False,False
remote_gl_test_new,80.0,6,8,15,2,C2 Violated,449.7867478057742,True,False,False
remote_gl_test_new,80.0,7,1,1,2,C2 Violated,183.89795739785762,True,False,False
remote_gl_test_new,80.0,7,2,3,2,C2 Violated,220.31521240714937,True,False,False
remote_gl_test_new,80.0,7,3,5,2,C2 Violated,259.91926137940027,True,False,False
remote_gl_test_new,80.0,7,4,7,2,C2 Violated,297.6640147855505,True,False,False
remote_gl_test_new,80.0,7,5,9,2,C2 Violated,334.43220980698237,True,False,False
remote_gl_test_new,80.0,7,6,11,2,C2 Violated,371.7477552068885,True,False,False
remote_gl_test_new,80.0,7,7,13,2,C2 Violated,410.75546519132325,True,False,False
remote_gl_test_new,80.0,7,8,15,2,C2 Violated,449.7867478057742,True,False,False
remote_gl_test_new,90.0,1,1,1,3,Both Violated,186.45690359990112,False,False,False
remote_gl_test_new,90.0,1,2,3,3,Both Violated,223.60015809535972,False,False,False
remote_gl_test_new,90.0,1,3,5,3,Both Violated,265.62392209307285,False,False,False
remote_gl_test_new,90.0,1,4,7,1,C1 Violated,302.2719562024576,False,True,False
remote_gl_test_new,90.0,1,5,9,1,C1 Violated,339.8770200845319,False,True,False
remote_gl_test_new,90.0,1,6,11,1,C1 Violated,377.98310589278117,False,True,False
remote_gl_test_new,90.0,1,7,13,1,C1 Violated,416.6526262008119,False,True,False
remote_gl_test_new,90.0,1,8,15,1,C1 Violated,454.3603480968158,False,True,False
remote_gl_test_new,90.0,2,1,1,2,C2 Violated,186.45690359990112,True,False,False
remote_gl_test_new,90.0,2,2,3,2,C2 Violated,223.60015809535972,True,False,False
remote_gl_test_new,90.0,2,3,5,3,Both Violated,265.62392209307285,False,False,False
remote_gl_test_new,90.0,2,4,7,3,Both Violated,302.2719562024576,False,False,False
remote_gl_test_new,90.0,2,5,9,1,C1 Violated,339.8770200845319,False,True,False
remote_gl_test_new,90.0,2,6,11,1,C1 Violated,377.98310589278117,False,True,False
remote_gl_test_new,90.0,2,7,13,1,C1 Violated,416.6526262008119,False,True,False
remote_gl_test_new,90.0,2,8,15,1,C1 Violated,454.3603480968158,False,True,False
remote_gl_test_new,90.0,3,1,1,2,C2 Violated,186.45690359990112,True,False,False
remote_gl_test_new,90.0,3,2,3,2,C2 Violated,223.60015809535972,True,False,False
remote_gl_test_new,90.0,3,3,5,2,C2 Violated,265.62392209307285,True,False,False
remote_gl_test_new,90.0,3,4,7,2,C2 Violated,302.2719562024576,True,False,False
remote_gl_test_new,90.0,3,5,9,2,C2 Violated,339.8770200845319,True,False,False
remote_gl_test_new,90.0,3,6,11,3,Both Violated,377.98310589278117,False,False,False
remote_gl_test_new,90.0,3,7,13,1,C1 Violated,416.6526262008119,False,True,False
remote_gl_test_new,90.0,3,8,15,1,C1 Violated,454.3603480968158,False,True,False
remote_gl_test_new,90.0,4,1,1,2,C2 Violated,186.45690359990112,True,False,False
remote_gl_test_new,90.0,4,2,3,2,C2 Violated,223.60015809535972,True,False,False
remote_gl_test_new,90.0,4,3,5,2,C2 Violated,265.62392209307285,True,False,False
remote_gl_test_new,90.0,4,4,7,2,C2 Violated,302.2719562024576,True,False,False
remote_gl_test_new,90.0,4,5,9,2,C2 Violated,339.8770200845319,True,False,False
remote_gl_test_new,90.0,4,6,11,2,C2 Violated,377.98310589278117,True,False,False
remote_gl_test_new,90.0,4,7,13,2,C2 Violated,416.6526262008119,True,False,False
remote_gl_test_new,90.0,4,8,15,0,Valid,454.3603480968158,True,True,True
remote_gl_test_new,90.0,5,1,1,2,C2 Violated,186.45690359990112,True,False,False
remote_gl_test_new,90.0,5,2,3,2,C2 Violated,223.60015809535972,True,False,False
remote_gl_test_new,90.0,5,3,5,2,C2 Violated,265.62392209307285,True,False,False
remote_gl_test_new,90.0,5,4,7,2,C2 Violated,302.2719562024576,True,False,False
remote_gl_test_new,90.0,5,5,9,2,C2 Violated,339.8770200845319,True,False,False
remote_gl_test_new,90.0,5,6,11,2,C2 Violated,377.98310589278117,True,False,False
remote_gl_test_new,90.0,5,7,13,2,C2 Violated,416.6526262008119,True,False,False
remote_gl_test_new,90.0,5,8,15,2,C2 Violated,454.3603480968158,True,False,False
remote_gl_test_new,90.0,6,1,1,2,C2 Violated,186.45690359990112,True,False,False
remote_gl_test_new,90.0,6,2,3,2,C2 Violated,223.60015809535972,True,False,False
remote_gl_test_new,90.0,6,3,5,2,C2 Violated,265.62392209307285,True,False,False
remote_gl_test_new,90.0,6,4,7,2,C2 Violated,302.2719562024576,True,False,False
remote_gl_test_new,90.0,6,5,9,2,C2 Violated,339.8770200845319,True,False,False
remote_gl_test_new,90.0,6,6,11,2,C2 Violated,377.98310589278117,True,False,False
remote_gl_test_new,90.0,6,7,13,2,C2 Violated,416.6526262008119,True,False,False
remote_gl_test_new,90.0,6,8,15,2,C2 Violated,454.3603480968158,True,False,False
remote_gl_test_new,90.0,7,1,1,2,C2 Violated,186.45690359990112,True,False,False
remote_gl_test_new,90.0,7,2,3,2,C2 Violated,223.60015809535972,True,False,False
remote_gl_test_new,90.0,7,3,5,2,C2 Violated,265.62392209307285,True,False,False
remote_gl_test_new,90.0,7,4,7,2,C2 Violated,302.2719562024576,True,False,False
remote_gl_test_new,90.0,7,5,9,2,C2 Violated,339.8770200845319,True,False,False
remote_gl_test_new,90.0,7,6,11,2,C2 Violated,377.98310589278117,True,False,False
remote_gl_test_new,90.0,7,7,13,2,C2 Violated,416.6526262008119,True,False,False
remote_gl_test_new,90.0,7,8,15,2,C2 Violated,454.3603480968158,True,False,False
remote_gl_test_new,99.5,1,1,1,3,Both Violated,213.9426536973042,False,False,False
remote_gl_test_new,99.5,1,2,3,3,Both Violated,309.3127115182869,False,False,False
remote_gl_test_new,99.5,1,3,5,3,Both Violated,293.7469814259384,False,False,False
remote_gl_test_new,99.5,1,4,7,1,C1 Violated,329.789035966387,False,True,False
remote_gl_test_new,99.5,1,5,9,1,C1 Violated,366.5703614994709,False,True,False
remote_gl_test_new,99.5,1,6,11,1,C1 Violated,417.44346593477525,False,True,False
remote_gl_test_new,99.5,1,7,13,1,C1 Violated,458.71828748277034,False,True,False
remote_gl_test_new,99.5,1,8,15,1,C1 Violated,490.0097279733745,False,True,False
remote_gl_test_new,99.5,2,1,1,2,C2 Violated,213.9426536973042,True,False,False
remote_gl_test_new,99.5,2,2,3,3,Both Violated,309.3127115182869,False,False,False
remote_gl_test_new,99.5,2,3,5,3,Both Violated,293.7469814259384,False,False,False
remote_gl_test_new,99.5,2,4,7,3,Both Violated,329.789035966387,False,False,False
remote_gl_test_new,99.5,2,5,9,1,C1 Violated,366.5703614994709,False,True,False
remote_gl_test_new,99.5,2,6,11,1,C1 Violated,417.44346593477525,False,True,False
remote_gl_test_new,99.5,2,7,13,1,C1 Violated,458.71828748277034,False,True,False
remote_gl_test_new,99.5,2,8,15,1,C1 Violated,490.0097279733745,False,True,False
remote_gl_test_new,99.5,3,1,1,2,C2 Violated,213.9426536973042,True,False,False
remote_gl_test_new,99.5,3,2,3,2,C2 Violated,309.3127115182869,True,False,False
remote_gl_test_new,99.5,3,3,5,2,C2 Violated,293.7469814259384,True,False,False
remote_gl_test_new,99.5,3,4,7,2,C2 Violated,329.789035966387,True,False,False
remote_gl_test_new,99.5,3,5,9,2,C2 Violated,366.5703614994709,True,False,False
remote_gl_test_new,99.5,3,6,11,3,Both Violated,417.44346593477525,False,False,False
remote_gl_test_new,99.5,3,7,13,1,C1 Violated,458.71828748277034,False,True,False
remote_gl_test_new,99.5,3,8,15,1,C1 Violated,490.0097279733745,False,True,False
remote_gl_test_new,99.5,4,1,1,2,C2 Violated,213.9426536973042,True,False,False
remote_gl_test_new,99.5,4,2,3,2,C2 Violated,309.3127115182869,True,False,False
remote_gl_test_new,99.5,4,3,5,2,C2 Violated,293.7469814259384,True,False,False
remote_gl_test_new,99.5,4,4,7,2,C2 Violated,329.789035966387,True,False,False
remote_gl_test_new,99.5,4,5,9,2,C2 Violated,366.5703614994709,True,False,False
remote_gl_test_new,99.5,4,6,11,2,C2 Violated,417.44346593477525,True,False,False
remote_gl_test_new,99.5,4,7,13,2,C2 Violated,458.71828748277034,True,False,False
remote_gl_test_new,99.5,4,8,15,0,Valid,490.0097279733745,True,True,True
remote_gl_test_new,99.5,5,1,1,2,C2 Violated,213.9426536973042,True,False,False
remote_gl_test_new,99.5,5,2,3,2,C2 Violated,309.3127115182869,True,False,False
remote_gl_test_new,99.5,5,3,5,2,C2 Violated,293.7469814259384,True,False,False
remote_gl_test_new,99.5,5,4,7,2,C2 Violated,329.789035966387,True,False,False
remote_gl_test_new,99.5,5,5,9,2,C2 Violated,366.5703614994709,True,False,False
remote_gl_test_new,99.5,5,6,11,2,C2 Violated,417.44346593477525,True,False,False
remote_gl_test_new,99.5,5,7,13,2,C2 Violated,458.71828748277034,True,False,False
remote_gl_test_new,99.5,5,8,15,2,C2 Violated,490.0097279733745,True,False,False
remote_gl_test_new,99.5,6,1,1,2,C2 Violated,213.9426536973042,True,False,False
remote_gl_test_new,99.5,6,2,3,2,C2 Violated,309.3127115182869,True,False,False
remote_gl_test_new,99.5,6,3,5,2,C2 Violated,293.7469814259384,True,False,False
remote_gl_test_new,99.5,6,4,7,2,C2 Violated,329.789035966387,True,False,False
remote_gl_test_new,99.5,6,5,9,2,C2 Violated,366.5703614994709,True,False,False
remote_gl_test_new,99.5,6,6,11,2,C2 Violated,417.44346593477525,True,False,False
remote_gl_test_new,99.5,6,7,13,2,C2 Violated,458.71828748277034,True,False,False
remote_gl_test_new,99.5,6,8,15,2,C2 Violated,490.0097279733745,True,False,False
remote_gl_test_new,99.5,7,1,1,2,C2 Violated,213.9426536973042,True,False,False
remote_gl_test_new,99.5,7,2,3,2,C2 Violated,309.3127115182869,True,False,False
remote_gl_test_new,99.5,7,3,5,2,C2 Violated,293.7469814259384,True,False,False
remote_gl_test_new,99.5,7,4,7,2,C2 Violated,329.789035966387,True,False,False
remote_gl_test_new,99.5,7,5,9,2,C2 Violated,366.5703614994709,True,False,False
remote_gl_test_new,99.5,7,6,11,2,C2 Violated,417.44346593477525,True,False,False
remote_gl_test_new,99.5,7,7,13,2,C2 Violated,458.71828748277034,True,False,False
remote_gl_test_new,99.5,7,8,15,2,C2 Violated,490.0097279733745,True,False,False
